kind	entry	entry_rank	other	other_rank	detail
inflected	coisa	44	coiso	9391	coisa is a regular inflection of coiso
diacritic	quê	109	que	3	both fold to 'que'
diacritic	porquê	227	porque	51	both fold to 'porque'
relemmatize	acha	244	achar	65	acha lemmatizes to achar
relemmatize	obrigado	247	obrigar	113	obrigado lemmatizes to obrigar
inflected	porta	282	porto	2149	porta is a regular inflection of porto
diacritic	pôr	294	por	22	both fold to 'por'
inflected	cima	316	cimo	5111	cima is a regular inflection of cimo
inflected	eis	347	el	2589	eis is a regular inflection of el
inflected	filha	360	filho	159	filha is a regular inflection of filho
inflected	umas	402	uma	15	umas is a regular inflection of uma
inflected	tuas	468	tua	86	tuas is a regular inflection of tua
inflected	pais	480	pai	104	pais is a regular inflection of pai
diacritic	país	533	pais	480	both fold to 'pais'
relemmatize	pelo	539	pelar	81	pelo lemmatizes to pelar
inflected	comida	554	comido	3733	comida is a regular inflection of comido
inflected	bola	557	bolo	1256	bola is a regular inflection of bolo
inflected	certa	580	certo	139	certa is a regular inflection of certo
relemmatize	deve	614	dever	57	deve lemmatizes to dever
relemmatize	tinha	616	ter	9	tinha lemmatizes to ter
relemmatize	vê	618	ver	38	vê lemmatizes to ver
relemmatize	visto	627	ver	38	visto lemmatizes to ver
relemmatize	chamado	659	chamar	153	chamado lemmatizes to chamar
relemmatize	pergunta	660	perguntar	205	pergunta lemmatizes to perguntar
inflected	escolha	666	escolho	4625	escolha is a regular inflection of escolho
inflected	mesa	707	mês	340	mesa is a regular inflection of mês
diacritic	á	736	à	45	both fold to 'a'
diacritic	ai	738	aí	173	both fold to 'ai'
inflected	tira	742	tiro	640	tira is a regular inflection of tiro
inflected	puta	751	puto	1811	puta is a regular inflection of puto
relemmatize	namorado	797	namorar	775	namorado lemmatizes to namorar
relemmatize	era	828	ser	2	era lemmatizes to ser
inflected	surpresa	852	surpreso	5234	surpresa is a regular inflection of surpreso
inflected	esquerda	890	esquerdo	2664	esquerda is a regular inflection of esquerdo
inflected	costas	906	costa	1725	costas is a regular inflection of costa
inflected	senhora	909	senhor	107	senhora is a regular inflection of senhor
relemmatize	senhora	909	senhor	107	senhora lemmatizes to senhor
relemmatize	dado	911	dar	68	dado lemmatizes to dar
diacritic	vós	925	vos	478	both fold to 'vos'
relemmatize	passado	956	passar	82	passado lemmatizes to passar
relemmatize	errado	960	errar	516	errado lemmatizes to errar
inflected	cerca	963	cerco	6355	cerca is a regular inflection of cerco
inflected	pedra	976	pedro	3680	pedra is a regular inflection of pedro
inflected	testemunha	1009	testemunho	3555	testemunha is a regular inflection of testemunho
diacritic	näo	1031	não	4	both fold to 'nao'
relemmatize	rapariga	1054	rapaz	171	rapariga lemmatizes to rapaz
relemmatize	percebe	1058	perceber	238	percebe lemmatizes to perceber
relemmatize	foda-se	1060	foda	2610	foda-se lemmatizes to foda
relemmatize	deste	1092	dar	68	deste lemmatizes to dar
inflected	conta	1107	conto	1638	conta is a regular inflection of conto
relemmatize	conta	1107	contar	161	conta lemmatizes to contar
inflected	carrinha	1151	carrinho	4073	carrinha is a regular inflection of carrinho
inflected	corrida	1180	corrido	5069	corrida is a regular inflection of corrido
relemmatize	ela	1207	ele	13	ela lemmatizes to ele
relemmatize	chama	1222	chamar	153	chama lemmatizes to chamar
inflected	troca	1243	troco	2750	troca is a regular inflection of troco
relemmatize	unido	1244	unir	2349	unido lemmatizes to unir
inflected	fala	1254	falo	1001	fala is a regular inflection of falo
relemmatize	fala	1254	falar	55	fala lemmatizes to falar
relemmatize	maldito	1268	maldizer	1192	maldito lemmatizes to maldizer
inflected	dessas	1273	dessa	833	dessas is a regular inflection of dessa
relemmatize	preocupado	1275	preocupar	253	preocupado lemmatizes to preocupar
inflected	calças	1298	calça	7052	calças is a regular inflection of calça
relemmatize	milhar	1328	mil	455	milhar lemmatizes to mil
relemmatize	má	1371	mau	281	má lemmatizes to mau
inflected	vê-la	1374	vê-lo	868	vê-la is a regular inflection of vê-lo
inflected	desses	1396	desse	875	desses is a regular inflection of desse
inflected	banda	1400	bando	2016	banda is a regular inflection of bando
relemmatize	estado	1409	estar	6	estado lemmatizes to estar
inflected	óptima	1413	óptimo	328	óptima is a regular inflection of óptimo
relemmatize	óptima	1413	óptimo	328	óptima lemmatizes to óptimo
inflected	partida	1442	partido	1329	partida is a regular inflection of partido
relemmatize	fechado	1444	fechar	486	fechado lemmatizes to fechar
relemmatize	preparado	1452	preparar	387	preparado lemmatizes to preparar
relemmatize	ferido	1453	ferir	1239	ferido lemmatizes to ferir
relemmatize	ouvido	1472	ouvir	84	ouvido lemmatizes to ouvir
relemmatize	casado	1530	casar	419	casado lemmatizes to casar
relemmatize	guarda	1551	guardar	454	guarda lemmatizes to guardar
relemmatize	empregado	1570	empregar	2284	empregado lemmatizes to empregar
inflected	merdas	1585	merda	199	merdas is a regular inflection of merda
inflected	bem-vindos	1613	bem-vindo	1149	bem-vindos is a regular inflection of bem-vindo
relemmatize	bem-vindos	1613	bem-vindo	1149	bem-vindos lemmatizes to bem-vindo
relemmatize	atrasado	1632	atrasar	921	atrasado lemmatizes to atrasar
inflected	tretas	1651	treta	1468	tretas is a regular inflection of treta
relemmatize	morado	1697	morar	1055	morado lemmatizes to morar
diacritic	ó	1702	o	1	both fold to 'o'
inflected	ás	1703	á	736	ás is a regular inflection of á
inflected	revista	1736	revisto	6389	revista is a regular inflection of revisto
diacritic	mama	1742	mamã	773	both fold to 'mama'
inflected	câmaras	1755	câmara	827	câmaras is a regular inflection of câmara
inflected	carga	1757	cargo	2492	carga is a regular inflection of cargo
diacritic	àquele	1771	aquele	148	both fold to 'aquele'
relemmatize	convidado	1773	convidar	721	convidado lemmatizes to convidar
relemmatize	nota	1780	notar	1130	nota lemmatizes to notar
inflected	bolsa	1789	bolso	1568	bolsa is a regular inflection of bolso
relemmatize	cansado	1798	cansar	1227	cansado lemmatizes to cansar
inflected	chamada	1799	chamado	659	chamada is a regular inflection of chamado
relemmatize	chamada	1799	chamado	659	chamada lemmatizes to chamado
inflected	fila	1812	filo	3599	fila is a regular inflection of filo
inflected	vira	1840	viro	8340	vira is a regular inflection of viro
inflected	ponha	1848	ponho	3727	ponha is a regular inflection of ponho
relemmatize	sentado	1868	sentar	290	sentado lemmatizes to sentar
inflected	ponta	1935	ponto	500	ponta is a regular inflection of ponto
relemmatize	peça	1950	pedir	160	peça lemmatizes to pedir
relemmatize	compra	1951	comprar	332	compra lemmatizes to comprar
inflected	queixa	1952	queixo	4184	queixa is a regular inflection of queixo
inflected	bebida	1961	bebido	859	bebida is a regular inflection of bebido
relemmatize	bebida	1961	bebido	859	bebida lemmatizes to bebido
inflected	carteira	1975	carteiro	6283	carteira is a regular inflection of carteiro
relemmatize	criado	1978	criar	494	criado lemmatizes to criar
relemmatize	deixa	1983	deixar	59	deixa lemmatizes to deixar
relemmatize	zangado	2027	zangar	1424	zangado lemmatizes to zangar
relemmatize	ligado	2030	ligar	195	ligado lemmatizes to ligar
relemmatize	for	2036	ser	2	for lemmatizes to ser
relemmatize	assustado	2039	assustar	689	assustado lemmatizes to assustar
relemmatize	proposto	2050	propor	2314	proposto lemmatizes to propor
relemmatize	engraçado	2067	engraçar	914	engraçado lemmatizes to engraçar
inflected	acções	2096	acção	1277	acções is a regular inflection of acção
relemmatize	acções	2096	acção	1277	acções lemmatizes to acção
inflected	marca	2107	marco	2540	marca is a regular inflection of marco
relemmatize	marca	2107	marcar	740	marca lemmatizes to marcar
relemmatize	armado	2124	armar	1295	armado lemmatizes to armar
relemmatize	interessado	2129	interessar	466	interessado lemmatizes to interessar
relemmatize	apaixonado	2164	apaixonar	1118	apaixonado lemmatizes to apaixonar
relemmatize	vestido	2166	vestir	559	vestido lemmatizes to vestir
diacritic	idéia	2223	ideia	234	both fold to 'ideia'
inflected	junta	2229	junto	318	junta is a regular inflection of junto
relemmatize	junta	2229	juntar	643	junta lemmatizes to juntar
inflected	traseira	2238	traseiro	2032	traseira is a regular inflection of traseiro
relemmatize	traseira	2238	traseiro	2032	traseira lemmatizes to traseiro
inflected	china	2239	chino	9156	china is a regular inflection of chino
inflected	memórias	2279	memória	1229	memórias is a regular inflection of memória
relemmatize	privado	2300	privar	1913	privado lemmatizes to privar
inflected	despedida	2330	despedido	9151	despedida is a regular inflection of despedido
relemmatize	seguido	2346	seguir	257	seguido lemmatizes to seguir
inflected	moda	2391	modo	749	moda is a regular inflection of modo
relemmatize	comprimido	2392	comprimir	4696	comprimido lemmatizes to comprimir
inflected	boneca	2417	boneco	3334	boneca is a regular inflection of boneco
inflected	bem-vinda	2432	bem-vindo	1149	bem-vinda is a regular inflection of bem-vindo
relemmatize	bem-vinda	2432	bem-vindo	1149	bem-vinda lemmatizes to bem-vindo
relemmatize	apanhado	2438	apanhar	223	apanhado lemmatizes to apanhar
inflected	noutra	2448	noutro	1962	noutra is a regular inflection of noutro
relemmatize	chateado	2493	chatear	1093	chateado lemmatizes to chatear
inflected	tê-la	2508	tê-lo	1552	tê-la is a regular inflection of tê-lo
relemmatize	leva	2532	levar	130	leva lemmatizes to levar
relemmatize	encontrado	2561	encontrar	101	encontrado lemmatizes to encontrar
relemmatize	usado	2578	usar	196	usado lemmatizes to usar
relemmatize	culpado	2583	culpar	844	culpado lemmatizes to culpar
relemmatize	bota	2592	botar	4630	bota lemmatizes to botar
inflected	chegada	2594	chegado	6021	chegada is a regular inflection of chegado
relemmatize	roubado	2596	roubar	382	roubado lemmatizes to roubar
inflected	gaja	2618	gajo	669	gaja is a regular inflection of gajo
relemmatize	vindo	2624	vir	61	vindo lemmatizes to vir
relemmatize	parado	2630	parar	158	parado lemmatizes to parar
relemmatize	destruído	2636	destruir	530	destruído lemmatizes to destruir
inflected	milha	2637	milho	3784	milha is a regular inflection of milho
relemmatize	milha	2637	milhar	1328	milha lemmatizes to milhar
relemmatize	asa	2638	asar	4314	asa lemmatizes to asar
relemmatize	enganado	2653	enganar	609	enganado lemmatizes to enganar
inflected	vê-los	2657	vê-lo	868	vê-los is a regular inflection of vê-lo
inflected	filhas	2670	filho	159	filhas is a regular inflection of filho
relemmatize	calado	2674	calar	416	calado lemmatizes to calar
relemmatize	divertido	2690	divertir	433	divertido lemmatizes to divertir
inflected	pasta	2694	pasto	9858	pasta is a regular inflection of pasto
inflected	caos	2708	cao	8967	caos is a regular inflection of cao
relemmatize	complicado	2709	complicar	1418	complicado lemmatizes to complicar
inflected	prata	2723	prato	1871	prata is a regular inflection of prato
inflected	feita	2731	feito	299	feita is a regular inflection of feito
relemmatize	feita	2731	feito	299	feita lemmatizes to feito
inflected	passa	2754	passo	741	passa is a regular inflection of passo
relemmatize	passa	2754	passar	82	passa lemmatizes to passar
relemmatize	separado	2787	separar	1159	separado lemmatizes to separar
relemmatize	preferido	2802	preferir	585	preferido lemmatizes to preferir
relemmatize	estai	2813	estar	6	estai lemmatizes to estar
inflected	munições	2818	munição	7295	munições is a regular inflection of munição
relemmatize	acordado	2820	acordar	456	acordado lemmatizes to acordar
relemmatize	sincronizado	2832	sincronizar	7556	sincronizado lemmatizes to sincronizar
inflected	diz-lhes	2837	diz-lhe	1183	diz-lhes is a regular inflection of diz-lhe
relemmatize	diz-lhes	2837	diz-lhe	1183	diz-lhes lemmatizes to diz-lhe
inflected	ha	2839	ho	4813	ha is a regular inflection of ho
relemmatize	assassinado	2848	assassinar	1209	assassinado lemmatizes to assassinar
relemmatize	roda	2876	rodar	2299	roda lemmatizes to rodar
relemmatize	volte	2881	voltar	134	volte lemmatizes to voltar
relemmatize	descoberto	2891	descobrir	258	descoberto lemmatizes to descobrir
relemmatize	pesado	2897	pesar	1766	pesado lemmatizes to pesar
inflected	imensa	2947	imenso	1088	imensa is a regular inflection of imenso
relemmatize	espera	2974	esperar	75	espera lemmatizes to esperar
inflected	fruta	2985	fruto	3987	fruta is a regular inflection of fruto
relemmatize	enviado	2997	enviar	422	enviado lemmatizes to enviar
relemmatize	aposta	2998	apostar	553	aposta lemmatizes to apostar
inflected	barata	3000	barato	2765	barata is a regular inflection of barato
inflected	esperta	3031	esperto	1190	esperta is a regular inflection of esperto
diacritic	ê	3048	e	7	both fold to 'e'
diacritic	hã	3065	ha	2839	both fold to 'ha'
inflected	jóias	3084	jóia	5537	jóias is a regular inflection of jóia
relemmatize	jóias	3084	jóia	5537	jóias lemmatizes to jóia
relemmatize	ocupado	3096	ocupar	753	ocupado lemmatizes to ocupar
relemmatize	conversa	3148	conversar	408	conversa lemmatizes to conversar
relemmatize	ajuda	3152	ajudar	103	ajuda lemmatizes to ajudar
diacritic	bebê	3174	bebé	442	both fold to 'bebe'
inflected	ferida	3189	ferido	1453	ferida is a regular inflection of ferido
relemmatize	ferida	3189	ferido	1453	ferida lemmatizes to ferido
inflected	luvas	3203	luva	5655	luvas is a regular inflection of luva
relemmatize	desesperado	3211	desesperar	3465	desesperado lemmatizes to desesperar
inflected	mota	3252	moto	3745	mota is a regular inflection of moto
relemmatize	saia	3258	sair	100	saia lemmatizes to sair
relemmatize	atacado	3285	atacar	607	atacado lemmatizes to atacar
relemmatize	sagrado	3296	sagrar	2994	sagrado lemmatizes to sagrar
relemmatize	procura	3299	procurar	207	procura lemmatizes to procurar
relemmatize	aliado	3325	aliar	3761	aliado lemmatizes to aliar
relemmatize	olhado	3350	olhar	115	olhado lemmatizes to olhar
relemmatize	folha	3351	folhar	3144	folha lemmatizes to folhar
relemmatize	mina	3362	minar	2310	mina lemmatizes to minar
relemmatize	gelado	3364	gelar	1968	gelado lemmatizes to gelar
relemmatize	ameaça	3368	ameaçar	848	ameaça lemmatizes to ameaçar
inflected	linda	3372	lindo	381	linda is a regular inflection of lindo
relemmatize	linda	3372	lindo	381	linda lemmatizes to lindo
inflected	ana	3395	ano	106	ana is a regular inflection of ano
diacritic	so	3466	só	42	both fold to 'so'
diacritic	familia	3467	família	243	both fold to 'familia'
relemmatize	fada	3491	fadar	3613	fada lemmatizes to fadar
relemmatize	lixado	3503	lixar	658	lixado lemmatizes to lixar
diacritic	ma	3506	má	1371	both fold to 'ma'
inflected	ma	3506	mo	2772	ma is a regular inflection of mo
relemmatize	florido	3547	florir	7522	florido lemmatizes to florir
relemmatize	marcado	3560	marcar	740	marcado lemmatizes to marcar
inflected	dar-lhes	3570	dar-lhe	1153	dar-lhes is a regular inflection of dar-lhe
relemmatize	dar-lhes	3570	dar-lhe	1153	dar-lhes lemmatizes to dar-lhe
diacritic	ja	3601	já	43	both fold to 'ja'
inflected	luta	3602	luto	3202	luta is a regular inflection of luto
relemmatize	luta	3602	lutar	334	luta lemmatizes to lutar
relemmatize	enterrado	3614	enterrar	1330	enterrado lemmatizes to enterrar
relemmatize	bate	3617	bater	427	bate lemmatizes to bater
relemmatize	trancado	3632	trancar	2038	trancado lemmatizes to trancar
relemmatize	algema	3636	algemar	4148	algema lemmatizes to algemar
inflected	coca	3657	coco	4532	coca is a regular inflection of coco
inflected	baixa	3678	baixo	393	baixa is a regular inflection of baixo
relemmatize	baixa	3678	baixar	684	baixa lemmatizes to baixar
inflected	directa	3698	directo	2028	directa is a regular inflection of directo
relemmatize	directa	3698	directo	2028	directa lemmatizes to directo
inflected	correcta	3732	correcto	1398	correcta is a regular inflection of correcto
relemmatize	correcta	3732	correcto	1398	correcta lemmatizes to correcto
inflected	honesta	3739	honesto	1764	honesta is a regular inflection of honesto
relemmatize	amado	3779	amar	379	amado lemmatizes to amar
inflected	usá-la	3780	usá-lo	3199	usá-la is a regular inflection of usá-lo
relemmatize	abandonado	3782	abandonar	867	abandonado lemmatizes to abandonar
diacritic	è	3810	e	7	both fold to 'e'
inflected	paga	3815	pago	1223	paga is a regular inflection of pago
relemmatize	paga	3815	pagar	301	paga lemmatizes to pagar
relemmatize	sentido	3833	sentir	117	sentido lemmatizes to sentir
relemmatize	vista	3834	visto	627	vista lemmatizes to visto
relemmatize	fodido	3838	foder	1109	fodido lemmatizes to foder
inflected	vivas	3839	vivo	303	vivas is a regular inflection of vivo
inflected	insectos	3850	insecto	5035	insectos is a regular inflection of insecto
relemmatize	insectos	3850	insecto	5035	insectos lemmatizes to insecto
relemmatize	atingido	3857	atingir	893	atingido lemmatizes to atingir
inflected	actos	3894	acto	2496	actos is a regular inflection of acto
relemmatize	actos	3894	acto	2496	actos lemmatizes to acto
inflected	objectos	3906	objecto	3382	objectos is a regular inflection of objecto
relemmatize	objectos	3906	objecto	3382	objectos lemmatizes to objecto
inflected	alta	3925	alto	461	alta is a regular inflection of alto
relemmatize	alta	3925	alto	461	alta lemmatizes to alto
inflected	gémeos	3956	gémeo	3264	gémeos is a regular inflection of gémeo
relemmatize	actriz	3969	actor	3278	actriz lemmatizes to actor
relemmatize	retirado	3990	retirar	902	retirado lemmatizes to retirar
inflected	eléctrica	3993	eléctrico	5146	eléctrica is a regular inflection of eléctrico
relemmatize	eléctrica	3993	eléctrico	5146	eléctrica lemmatizes to eléctrico
relemmatize	queimado	4005	queimar	1082	queimado lemmatizes to queimar
relemmatize	pertence	4011	pertencer	933	pertence lemmatizes to pertencer
relemmatize	coitado	4020	coitar	4719	coitado lemmatizes to coitar
relemmatize	emboscado	4049	emboscar	9906	emboscado lemmatizes to emboscar
inflected	música	4054	músico	622	música is a regular inflection of músico
relemmatize	música	4054	músico	622	música lemmatizes to músico
inflected	mata	4085	mato	1430	mata is a regular inflection of mato
relemmatize	mata	4085	matar	122	mata lemmatizes to matar
diacritic	março	4099	marco	2540	both fold to 'marco'
inflected	frita	4109	frito	4620	frita is a regular inflection of frito
relemmatize	frita	4109	fritar	4387	frita lemmatizes to fritar
relemmatize	falha	4118	falhar	680	falha lemmatizes to falhar
inflected	actividades	4125	actividade	3074	actividades is a regular inflection of actividade
relemmatize	actividades	4125	actividade	3074	actividades lemmatizes to actividade
relemmatize	relacionado	4160	relacionar	3001	relacionado lemmatizes to relacionar
relemmatize	tomado	4171	tomar	216	tomado lemmatizes to tomar
relemmatize	acabado	4173	acabar	143	acabado lemmatizes to acabar
inflected	presa	4174	preso	594	presa is a regular inflection of preso
relemmatize	presa	4174	presar	1506	presa lemmatizes to presar
relemmatize	perca	4176	perder	193	perca lemmatizes to perder
inflected	putas	4177	puta	751	putas is a regular inflection of puta
relemmatize	putas	4177	puta	751	putas lemmatizes to puta
relemmatize	raptado	4181	raptar	1916	raptado lemmatizes to raptar
relemmatize	falhado	4213	falhar	680	falhado lemmatizes to falhar
relemmatize	proibido	4220	proibir	2451	proibido lemmatizes to proibir
relemmatize	tratado	4221	tratar	260	tratado lemmatizes to tratar
relemmatize	cortado	4235	cortar	540	cortado lemmatizes to cortar
inflected	detectives	4245	detective	984	detectives is a regular inflection of detective
relemmatize	detectives	4245	detective	984	detectives lemmatizes to detective
relemmatize	mm	4248	m	1182	mm lemmatizes to m
inflected	olha	4266	olho	277	olha is a regular inflection of olho
relemmatize	olha	4266	olhar	115	olha lemmatizes to olhar
relemmatize	avançado	4269	avançar	907	avançado lemmatizes to avançar
relemmatize	forçado	4273	forçar	1605	forçado lemmatizes to forçar
relemmatize	deitado	4277	deitar	630	deitado lemmatizes to deitar
relemmatize	elevado	4282	elevar	3109	elevado lemmatizes to elevar
relemmatize	controlado	4286	controlar	696	controlado lemmatizes to controlar
relemmatize	carregado	4294	carregar	1010	carregado lemmatizes to carregar
inflected	cais	4304	cal	3673	cais is a regular inflection of cal
relemmatize	animado	4312	animar	2474	animado lemmatizes to animar
inflected	vinda	4322	vindo	2624	vinda is a regular inflection of vindo
relemmatize	vinda	4322	vindo	2624	vinda lemmatizes to vindo
relemmatize	liga	4329	ligar	195	liga lemmatizes to ligar
relemmatize	adequado	4335	adequar	3783	adequado lemmatizes to adequar
relemmatize	cobra	4350	cobrar	1723	cobra lemmatizes to cobrar
inflected	cheia	4382	cheio	567	cheia is a regular inflection of cheio
relemmatize	cheia	4382	cheio	567	cheia lemmatizes to cheio
relemmatize	baseado	4407	basear	2384	baseado lemmatizes to basear
inflected	dantes	4413	dante	5541	dantes is a regular inflection of dante
relemmatize	informado	4418	informar	1163	informado lemmatizes to informar
relemmatize	colocado	4419	colocar	403	colocado lemmatizes to colocar
relemmatize	construído	4431	construir	766	construído lemmatizes to construir
relemmatize	condenado	4435	condenar	1630	condenado lemmatizes to condenar
inflected	dada	4446	dado	911	dada is a regular inflection of dado
relemmatize	dada	4446	dado	911	dada lemmatizes to dado
inflected	tintas	4450	tinto	2471	tintas is a regular inflection of tinto
relemmatize	viciado	4453	viciar	3595	viciado lemmatizes to viciar
relemmatize	treinado	4462	treinar	1301	treinado lemmatizes to treinar
inflected	vinha	4467	vinho	1148	vinha is a regular inflection of vinho
relemmatize	vinha	4467	vir	61	vinha lemmatizes to vir
inflected	imensas	4476	imenso	1088	imensas is a regular inflection of imenso
relemmatize	caçado	4495	caçar	1624	caçado lemmatizes to caçar
diacritic	nâo	4498	não	4	both fold to 'nao'
relemmatize	acusado	4499	acusar	1293	acusado lemmatizes to acusar
relemmatize	excitado	4510	excitar	2678	excitado lemmatizes to excitar
inflected	pegada	4513	pegado	7677	pegada is a regular inflection of pegado
relemmatize	pegada	4513	pegado	7677	pegada lemmatizes to pegado
inflected	whoa	4521	whoo	9026	whoa is a regular inflection of whoo
relemmatize	entusiasmado	4525	entusiasmar	3527	entusiasmado lemmatizes to entusiasmar
diacritic	vôo	4540	voo	1233	both fold to 'voo'
relemmatize	desenhado	4571	desenhar	2125	desenhado lemmatizes to desenhar
diacritic	aquí	4576	aqui	35	both fold to 'aqui'
relemmatize	entrega	4578	entregar	571	entrega lemmatizes to entregar
inflected	pata	4603	pato	2557	pata is a regular inflection of pato
relemmatize	pata	4603	pato	2557	pata lemmatizes to pato
relemmatize	autorizado	4613	autorizar	2338	autorizado lemmatizes to autorizar
inflected	barra	4628	barro	8420	barra is a regular inflection of barro
relemmatize	barra	4628	barrar	4324	barra lemmatizes to barrar
relemmatize	chega	4642	chegar	129	chega lemmatizes to chegar
inflected	óptimas	4644	óptimo	328	óptimas is a regular inflection of óptimo
relemmatize	óptimas	4644	óptimo	328	óptimas lemmatizes to óptimo
relemmatize	dourado	4669	dourar	4255	dourado lemmatizes to dourar
inflected	pô-la	4677	pô-lo	3302	pô-la is a regular inflection of pô-lo
relemmatize	pedido	4695	pedir	160	pedido lemmatizes to pedir
relemmatize	apertado	4701	apertar	1331	apertado lemmatizes to apertar
relemmatize	violado	4718	violar	1870	violado lemmatizes to violar
inflected	tê-los	4728	tê-lo	1552	tê-los is a regular inflection of tê-lo
relemmatize	crescido	4735	crescer	674	crescido lemmatizes to crescer
inflected	directora	4736	director	1412	directora is a regular inflection of director
relemmatize	directora	4736	director	1412	directora lemmatizes to director
relemmatize	perturbado	4749	perturbar	2423	perturbado lemmatizes to perturbar
inflected	óptimos	4754	óptimo	328	óptimos is a regular inflection of óptimo
relemmatize	óptimos	4754	óptimo	328	óptimos lemmatizes to óptimo
relemmatize	reunido	4761	reunir	1351	reunido lemmatizes to reunir
relemmatize	habituado	4791	habituar	2085	habituado lemmatizes to habituar
diacritic	alguem	4798	alguém	142	both fold to 'alguem'
relemmatize	apagado	4818	apagar	1199	apagado lemmatizes to apagar
inflected	ponhas	4820	ponha	1848	ponhas is a regular inflection of ponha
diacritic	dificil	4834	difícil	359	both fold to 'dificil'
relemmatize	molhado	4853	molhar	3153	molhado lemmatizes to molhar
relemmatize	tirado	4860	tirar	218	tirado lemmatizes to tirar
inflected	técnica	4866	técnico	1787	técnica is a regular inflection of técnico
relemmatize	técnica	4866	técnico	1787	técnica lemmatizes to técnico
relemmatize	impressionado	4872	impressionar	2090	impressionado lemmatizes to impressionar
relemmatize	magoado	4877	magoar	551	magoado lemmatizes to magoar
inflected	paula	4879	paulo	6605	paula is a regular inflection of paulo
relemmatize	cruzado	4886	cruzar	2091	cruzado lemmatizes to cruzar
inflected	gata	4894	gato	1121	gata is a regular inflection of gato
inflected	aberta	4897	aberto	815	aberta is a regular inflection of aberto
relemmatize	aberta	4897	aberto	815	aberta lemmatizes to aberto
diacritic	cocó	4906	coco	4532	both fold to 'coco'
inflected	ya	4918	yo	4575	ya is a regular inflection of yo
relemmatize	abençoado	4924	abençoar	1945	abençoado lemmatizes to abençoar
inflected	limpa	4935	limpo	1171	limpa is a regular inflection of limpo
relemmatize	limpa	4935	limpar	638	limpa lemmatizes to limpar
relemmatize	registado	4940	registar	2265	registado lemmatizes to registar
relemmatize	libertado	4941	libertar	765	libertado lemmatizes to libertar
relemmatize	limitado	4947	limitar	2686	limitado lemmatizes to limitar
relemmatize	afastado	4958	afastar	448	afastado lemmatizes to afastar
inflected	cheira	4959	cheiro	1237	cheira is a regular inflection of cheiro
relemmatize	cheira	4959	cheirar	968	cheira lemmatizes to cheirar
relemmatize	afiado	4974	afiar	6804	afiado lemmatizes to afiar
diacritic	cú	4987	cu	1369	both fold to 'cu'
inflected	donuts	4990	donut	7340	donuts is a regular inflection of donut
diacritic	bébé	5027	bebé	442	both fold to 'bebe'
inflected	política	5030	político	1114	política is a regular inflection of político
relemmatize	política	5030	político	1114	política lemmatizes to político
relemmatize	rodado	5031	rodar	2299	rodado lemmatizes to rodar
relemmatize	isolado	5037	isolar	2868	isolado lemmatizes to isolar
relemmatize	cortina	5044	cortinar	5581	cortina lemmatizes to cortinar
relemmatize	congelado	5051	congelar	2767	congelado lemmatizes to congelar
inflected	manda	5052	mando	2434	manda is a regular inflection of mando
relemmatize	manda	5052	mandar	254	manda lemmatizes to mandar
inflected	amo-a	5068	amo-o	5560	amo-a is a regular inflection of amo-o
relemmatize	amo-a	5068	amo-o	5560	amo-a lemmatizes to amo-o
inflected	asneira	5074	asneiro	3030	asneira is a regular inflection of asneiro
relemmatize	asneira	5074	asneiro	3030	asneira lemmatizes to asneiro
relemmatize	confirmado	5093	confirmar	1022	confirmado lemmatizes to confirmar
inflected	táctica	5094	táctico	9829	táctica is a regular inflection of táctico
relemmatize	táctica	5094	táctico	9829	táctica lemmatizes to táctico
relemmatize	causado	5100	causar	296	causado lemmatizes to causar
inflected	exacta	5103	exacto	1556	exacta is a regular inflection of exacto
relemmatize	exacta	5103	exacto	1556	exacta lemmatizes to exacto
relemmatize	obcecado	5138	obcecar	3963	obcecado lemmatizes to obcecar
relemmatize	desligado	5177	desligar	661	desligado lemmatizes to desligar
inflected	americana	5181	americano	634	americana is a regular inflection of americano
relemmatize	americana	5181	americano	634	americana lemmatizes to americano
inflected	longa	5185	longo	688	longa is a regular inflection of longo
relemmatize	longa	5185	longo	688	longa lemmatizes to longo
inflected	is	5191	l	1614	is is a regular inflection of l
inflected	objectivos	5199	objectivo	1640	objectivos is a regular inflection of objectivo
relemmatize	objectivos	5199	objectivo	1640	objectivos lemmatizes to objectivo
inflected	actores	5201	actor	3278	actores is a regular inflection of actor
relemmatize	actores	5201	actor	3278	actores lemmatizes to actor
relemmatize	armadilha	5204	armadilhar	1820	armadilha lemmatizes to armadilhar
relemmatize	escuta	5225	escutar	492	escuta lemmatizes to escutar
diacritic	tambem	5236	também	111	both fold to 'tambem'
relemmatize	refugiado	5242	refugiar	7605	refugiado lemmatizes to refugiar
relemmatize	mancha	5243	manchar	3393	mancha lemmatizes to manchar
relemmatize	desgraçado	5246	desgraçar	2936	desgraçado lemmatizes to desgraçar
diacritic	po	5249	pó	2159	both fold to 'po'
relemmatize	encantado	5251	encantar	3432	encantado lemmatizes to encantar
diacritic	ã	5253	à	45	both fold to 'a'
relemmatize	cercado	5259	cercar	3479	cercado lemmatizes to cercar
inflected	perdida	5260	perdido	785	perdida is a regular inflection of perdido
relemmatize	perdida	5260	perdido	785	perdida lemmatizes to perdido
relemmatize	fantasia	5266	fantasiar	2773	fantasia lemmatizes to fantasiar
relemmatize	atraído	5269	atrair	1650	atraído lemmatizes to atrair
inflected	editora	5276	editor	4254	editora is a regular inflection of editor
diacritic	pêlo	5327	pelo	539	both fold to 'pelo'
relemmatize	educado	5328	educar	3241	educado lemmatizes to educar
inflected	vê-las	5330	vê-lo	868	vê-las is a regular inflection of vê-lo
relemmatize	terminado	5338	terminar	490	terminado lemmatizes to terminar
relemmatize	tramado	5339	tramar	2013	tramado lemmatizes to tramar
relemmatize	infectado	5398	infectar	9873	infectado lemmatizes to infectar
relemmatize	pila	5430	pilar	2094	pila lemmatizes to pilar
inflected	zombies	5432	zombie	5440	zombies is a regular inflection of zombie
relemmatize	zombies	5432	zombie	5440	zombies lemmatizes to zombie
inflected	borda	5441	bordo	1510	borda is a regular inflection of bordo
relemmatize	envergonhado	5457	envergonhar	2362	envergonhado lemmatizes to envergonhar
relemmatize	coberto	5462	cobrir	1068	coberto lemmatizes to cobrir
relemmatize	irritado	5488	irritar	1827	irritado lemmatizes to irritar
relemmatize	causa	5494	causar	296	causa lemmatizes to causar
diacritic	flórido	5504	florido	3547	both fold to 'florido'
inflected	joga	5515	jogo	353	joga is a regular inflection of jogo
relemmatize	joga	5515	jogar	452	joga lemmatizes to jogar
inflected	projectos	5538	projecto	1666	projectos is a regular inflection of projecto
relemmatize	projectos	5538	projecto	1666	projectos lemmatizes to projecto
inflected	rins	5539	rim	4993	rins is a regular inflection of rim
inflected	dá-lhes	5544	dá-lhe	1525	dá-lhes is a regular inflection of dá-lhe
relemmatize	dá-lhes	5544	dá-lhe	1525	dá-lhes lemmatizes to dá-lhe
inflected	maldita	5548	maldito	1268	maldita is a regular inflection of maldito
relemmatize	maldita	5548	maldito	1268	maldita lemmatizes to maldito
relemmatize	apropriado	5553	apropriar	3695	apropriado lemmatizes to apropriar
relemmatize	guardado	5556	guardar	454	guardado lemmatizes to guardar
inflected	afecta	5558	afecto	6751	afecta is a regular inflection of afecto
relemmatize	afecta	5558	afectar	5108	afecta lemmatizes to afectar
relemmatize	procurado	5563	procurar	207	procurado lemmatizes to procurar
relemmatize	identificado	5569	identificar	1226	identificado lemmatizes to identificar
relemmatize	são	5590	ser	2	são lemmatizes to ser
inflected	ria	5606	rio	5783	ria is a regular inflection of rio
relemmatize	pendurado	5610	pendurar	2522	pendurado lemmatizes to pendurar
relemmatize	pomo	5614	pôr	294	pomo lemmatizes to pôr
diacritic	tao	5639	tão	124	both fold to 'tao'
relemmatize	quadrado	5644	quadrar	6428	quadrado lemmatizes to quadrar
inflected	calma	5646	calmo	1839	calma is a regular inflection of calmo
relemmatize	calma	5646	calmar	400	calma lemmatizes to calmar
inflected	activa	5664	activo	4048	activa is a regular inflection of activo
relemmatize	activa	5664	activo	4048	activa lemmatizes to activo
relemmatize	activado	5668	activar	4378	activado lemmatizes to activar
inflected	campa	5672	campo	656	campa is a regular inflection of campo
relemmatize	apresentado	5675	apresentar	610	apresentado lemmatizes to apresentar
inflected	clara	5680	claro	156	clara is a regular inflection of claro
relemmatize	clara	5680	claro	156	clara lemmatizes to claro
inflected	aspectos	5695	aspecto	1639	aspectos is a regular inflection of aspecto
relemmatize	aspectos	5695	aspecto	1639	aspectos lemmatizes to aspecto
relemmatize	nevado	5698	nevar	6843	nevado lemmatizes to nevar
relemmatize	danificado	5701	danificar	4272	danificado lemmatizes to danificar
inflected	apanha	5720	apanho	2893	apanha is a regular inflection of apanho
relemmatize	apanha	5720	apanhar	223	apanha lemmatizes to apanhar
relemmatize	deva	5725	dever	57	deva lemmatizes to dever
relemmatize	encurralado	5726	encurralar	4687	encurralado lemmatizes to encurralar
diacritic	mae	5743	mãe	127	both fold to 'mae'
relemmatize	associado	5757	associar	3694	associado lemmatizes to associar
relemmatize	combate	5766	combater	880	combate lemmatizes to combater
relemmatize	rio	5783	rir	641	rio lemmatizes to rir
relemmatize	esfomeado	5791	esfomear	5565	esfomeado lemmatizes to esfomear
relemmatize	busca	5805	buscar	313	busca lemmatizes to buscar
relemmatize	cumprido	5840	cumprir	1049	cumprido lemmatizes to cumprir
inflected	passada	5842	passado	956	passada is a regular inflection of passado
relemmatize	passada	5842	passado	956	passada lemmatizes to passado
diacritic	ninguem	5849	ninguém	168	both fold to 'ninguem'
relemmatize	cria	5869	criar	494	cria lemmatizes to criar
relemmatize	formiga	5870	formigar	9226	formiga lemmatizes to formigar
relemmatize	agulha	5880	agulhar	3828	agulha lemmatizes to agulhar
inflected	armada	5917	armado	2124	armada is a regular inflection of armado
relemmatize	armada	5917	armado	2124	armada lemmatizes to armado
diacritic	forcar	5930	forçar	1605	both fold to 'forcar'
inflected	vi-os	5932	vi-o	2307	vi-os is a regular inflection of vi-o
relemmatize	vi-os	5932	vi-o	2307	vi-os lemmatizes to vi-o
relemmatize	dedicado	5966	dedicar	2286	dedicado lemmatizes to dedicar
relemmatize	disparado	5989	disparar	531	disparado lemmatizes to disparar
inflected	tesoura	5994	tesouro	1943	tesoura is a regular inflection of tesouro
relemmatize	concentrado	6010	concentrar	1195	concentrado lemmatizes to concentrar
inflected	drones	6011	drone	6164	drones is a regular inflection of drone
diacritic	entao	6015	então	67	both fold to 'entao'
relemmatize	chegado	6021	chegar	129	chegado lemmatizes to chegar
relemmatize	honrado	6041	honrar	2439	honrado lemmatizes to honrar
inflected	namorada	6042	namorado	797	namorada is a regular inflection of namorado
relemmatize	namorada	6042	namorado	797	namorada lemmatizes to namorado
diacritic	sao	6046	são	5590	both fold to 'sao'
relemmatize	granada	6068	granar	4489	granada lemmatizes to granar
relemmatize	amarrado	6100	amarrar	2456	amarrado lemmatizes to amarrar
relemmatize	encerrado	6101	encerrar	2473	encerrado lemmatizes to encerrar
relemmatize	estragado	6105	estragar	929	estragado lemmatizes to estragar
relemmatize	tarado	6106	tarar	3679	tarado lemmatizes to tarar
relemmatize	rodeado	6111	rodear	3596	rodeado lemmatizes to rodear
relemmatize	amaldiçoado	6134	amaldiçoar	3893	amaldiçoado lemmatizes to amaldiçoar
inflected	alternativa	6139	alternativo	1941	alternativa is a regular inflection of alternativo
relemmatize	alternativa	6139	alternativo	1941	alternativa lemmatizes to alternativo
relemmatize	aprovado	6141	aprovar	2204	aprovado lemmatizes to aprovar
relemmatize	muralha	6157	muralhar	4167	muralha lemmatizes to muralhar
relemmatize	abra	6181	abrir	283	abra lemmatizes to abrir
inflected	noutras	6186	noutro	1962	noutras is a regular inflection of noutro
relemmatize	agitado	6189	agitar	3524	agitado lemmatizes to agitar
inflected	poça	6200	poço	2805	poça is a regular inflection of poço
relemmatize	esmagado	6224	esmagar	2397	esmagado lemmatizes to esmagar
relemmatize	organizado	6235	organizar	1717	organizado lemmatizes to organizar
diacritic	possivel	6247	possível	436	both fold to 'possivel'
relemmatize	divorciado	6249	divorciar	2826	divorciado lemmatizes to divorciar
inflected	voces	6259	voce	2227	voces is a regular inflection of voce
relemmatize	picado	6269	picar	3802	picado lemmatizes to picar
diacritic	maca	6270	maçã	2904	both fold to 'maca'
inflected	teta	6275	teto	6287	teta is a regular inflection of teto
relemmatize	lançado	6278	lançar	1124	lançado lemmatizes to lançar
relemmatize	recompensa	6280	recompensar	2045	recompensa lemmatizes to recompensar
inflected	pêlos	6305	pêlo	5327	pêlos is a regular inflection of pêlo
relemmatize	pêlos	6305	pêlo	5327	pêlos lemmatizes to pêlo
inflected	seguida	6311	seguido	2346	seguida is a regular inflection of seguido
relemmatize	seguida	6311	seguido	2346	seguida lemmatizes to seguido
inflected	chuis	6314	chui	6488	chuis is a regular inflection of chui
relemmatize	executado	6318	executar	2215	executado lemmatizes to executar
diacritic	lê	6324	le	4579	both fold to 'le'
relemmatize	lê	6324	ler	506	lê lemmatizes to ler
relemmatize	civilizado	6335	civilizar	7930	civilizado lemmatizes to civilizar
relemmatize	derrotado	6343	derrotar	1737	derrotado lemmatizes to derrotar
inflected	nocturna	6357	nocturno	5393	nocturna is a regular inflection of nocturno
relemmatize	nocturna	6357	nocturno	5393	nocturna lemmatizes to nocturno
relemmatize	sofisticado	6358	sofisticar	6454	sofisticado lemmatizes to sofisticar
relemmatize	mandado	6360	mandar	254	mandado lemmatizes to mandar
inflected	tipa	6362	tipo	150	tipa is a regular inflection of tipo
inflected	fofa	6370	fofo	3320	fofa is a regular inflection of fofo
relemmatize	contado	6371	contar	161	contado lemmatizes to contar
relemmatize	agarrado	6376	agarrar	747	agarrado lemmatizes to agarrar
relemmatize	reservado	6379	reservar	3145	reservado lemmatizes to reservar
inflected	exausta	6388	exausto	4910	exausta is a regular inflection of exausto
inflected	inúmeras	6405	inúmero	8563	inúmeras is a regular inflection of inúmero
relemmatize	mora	6418	morar	1055	mora lemmatizes to morar
relemmatize	disfarçado	6422	disfarçar	3516	disfarçado lemmatizes to disfarçar
relemmatize	quinta	6440	quintar	1633	quinta lemmatizes to quintar
inflected	tácticas	6444	táctica	5094	tácticas is a regular inflection of táctica
relemmatize	tácticas	6444	táctica	5094	tácticas lemmatizes to táctica
relemmatize	guiado	6450	guiar	1296	guiado lemmatizes to guiar
relemmatize	salgado	6453	salgar	9219	salgado lemmatizes to salgar
diacritic	ola	6468	olá	132	both fold to 'ola'
relemmatize	pilha	6469	pilhar	4444	pilha lemmatizes to pilhar
inflected	ex-namorada	6480	ex-namorado	6657	ex-namorada is a regular inflection of ex-namorado
relemmatize	ex-namorada	6480	ex-namorado	6657	ex-namorada lemmatizes to ex-namorado
relemmatize	espalhado	6497	espalhar	1562	espalhado lemmatizes to espalhar
relemmatize	garantia	6510	garantir	792	garantia lemmatizes to garantir
relemmatize	dispensado	6541	dispensar	2515	dispensado lemmatizes to dispensar
diacritic	â	6578	à	45	both fold to 'a'
inflected	descoberta	6579	descoberto	2891	descoberta is a regular inflection of descoberto
relemmatize	descoberta	6579	descoberto	2891	descoberta lemmatizes to descoberto
inflected	copa	6582	copo	1020	copa is a regular inflection of copo
inflected	elfos	6589	elfo	7803	elfos is a regular inflection of elfo
relemmatize	fodam	6596	foder	1109	fodam lemmatizes to foder
relemmatize	parasita	6599	parasitar	6417	parasita lemmatizes to parasitar
inflected	infectados	6603	infectado	5398	infectados is a regular inflection of infectado
relemmatize	infectados	6603	infectado	5398	infectados lemmatizes to infectado
relemmatize	deprimido	6608	deprimir	4633	deprimido lemmatizes to deprimir
relemmatize	envenenado	6614	envenenar	2905	envenenado lemmatizes to envenenar
relemmatize	veste	6620	vestir	559	veste lemmatizes to vestir
relemmatize	permitido	6622	permitir	650	permitido lemmatizes to permitir
inflected	lha	6627	lho	4437	lha is a regular inflection of lho
relemmatize	assinado	6629	assinar	897	assinado lemmatizes to assinar
relemmatize	multa	6643	multar	4025	multa lemmatizes to multar
relemmatize	dividido	6644	dividir	1579	dividido lemmatizes to dividir
inflected	electrónica	6646	electrónico	7951	electrónica is a regular inflection of electrónico
relemmatize	electrónica	6646	electrónico	7951	electrónica lemmatizes to electrónico
relemmatize	ameaçado	6647	ameaçar	848	ameaçado lemmatizes to ameaçar
inflected	tanga	6661	tango	6165	tanga is a regular inflection of tango
relemmatize	patrulha	6674	patrulhar	2371	patrulha lemmatizes to patrulhar
relemmatize	alterado	6713	alterar	1852	alterado lemmatizes to alterar
diacritic	säo	6715	são	5590	both fold to 'sao'
inflected	crítica	6728	crítico	2710	crítica is a regular inflection of crítico
relemmatize	crítica	6728	crítico	2710	crítica lemmatizes to crítico
inflected	característica	6758	característico	7695	característica is a regular inflection of característico
relemmatize	característica	6758	característico	7695	característica lemmatizes to característico
relemmatize	fita	6766	fitar	2312	fita lemmatizes to fitar
inflected	privada	6771	privado	2300	privada is a regular inflection of privado
relemmatize	privada	6771	privado	2300	privada lemmatizes to privado
diacritic	ca	6779	cá	189	both fold to 'ca'
inflected	ca	6779	co	7076	ca is a regular inflection of co
inflected	bocas	6791	boca	628	bocas is a regular inflection of boca
inflected	gangues	6805	gangue	4939	gangues is a regular inflection of gangue
relemmatize	gangues	6805	gangue	4939	gangues lemmatizes to gangue
inflected	cala	6830	calo	7910	cala is a regular inflection of calo
relemmatize	cala	6830	calar	416	cala lemmatizes to calar
relemmatize	almofada	6832	almofadar	4230	almofada lemmatizes to almofadar
diacritic	dó	6836	do	8	both fold to 'do'
relemmatize	chocado	6837	chocar	3495	chocado lemmatizes to chocar
relemmatize	reduzido	6839	reduzir	2350	reduzido lemmatizes to reduzir
relemmatize	jurado	6841	jurar	1649	jurado lemmatizes to jurar
relemmatize	ratazana	6845	ratazanar	6552	ratazana lemmatizes to ratazanar
relemmatize	cancelado	6850	cancelar	1598	cancelado lemmatizes to cancelar
inflected	direcções	6853	direcção	1145	direcções is a regular inflection of direcção
relemmatize	direcções	6853	direcção	1145	direcções lemmatizes to direcção
diacritic	àquilo	6859	aquilo	269	both fold to 'aquilo'
inflected	les	6876	le	4579	les is a regular inflection of le
inflected	vaga	6878	vago	3034	vaga is a regular inflection of vago
relemmatize	vaga	6878	vago	3034	vaga lemmatizes to vago
relemmatize	avisado	6899	avisar	625	avisado lemmatizes to avisar
relemmatize	infiltrado	6901	infiltrar	2829	infiltrado lemmatizes to infiltrar
relemmatize	mantido	6910	manter	255	mantido lemmatizes to manter
diacritic	lã	6912	lá	53	both fold to 'la'
inflected	manta	6917	manto	6526	manta is a regular inflection of manto
inflected	pesada	6962	pesado	2897	pesada is a regular inflection of pesado
relemmatize	pesada	6962	pesado	2897	pesada lemmatizes to pesado
relemmatize	flecha	6978	flechar	5033	flecha lemmatizes to flechar
relemmatize	assombrado	6980	assombrar	4686	assombrado lemmatizes to assombrar
diacritic	demônio	6990	demónio	1437	both fold to 'demonio'
relemmatize	recruta	6993	recrutar	2911	recruta lemmatizes to recrutar
relemmatize	tema	6996	temer	971	tema lemmatizes to temer
relemmatize	cunhado	6999	cunhar	4898	cunhado lemmatizes to cunhar
relemmatize	perseguido	7000	perseguir	1217	perseguido lemmatizes to perseguir
inflected	sela	7006	selo	3791	sela is a regular inflection of selo
inflected	honras	7008	honra	934	honras is a regular inflection of honra
inflected	trá-la	7031	trá-lo	5483	trá-la is a regular inflection of trá-lo
relemmatize	julgado	7043	julgar	702	julgado lemmatizes to julgar
relemmatize	virado	7058	virar	629	virado lemmatizes to virar
relemmatize	quebrado	7073	quebrar	1422	quebrado lemmatizes to quebrar
inflected	pô-los	7079	pô-lo	3302	pô-los is a regular inflection of pô-lo
relemmatize	vigiado	7097	vigiar	1357	vigiado lemmatizes to vigiar
relemmatize	avariado	7115	avariar	3357	avariado lemmatizes to avariar
inflected	cruzada	7132	cruzado	4886	cruzada is a regular inflection of cruzado
relemmatize	cruzada	7132	cruzado	4886	cruzada lemmatizes to cruzado
relemmatize	medalha	7134	medalhar	3489	medalha lemmatizes to medalhar
inflected	saca	7180	saco	982	saca is a regular inflection of saco
relemmatize	curado	7185	curar	1695	curado lemmatizes to curar
relemmatize	deixado	7187	deixar	59	deixado lemmatizes to deixar
inflected	banca	7192	banco	744	banca is a regular inflection of banco
diacritic	jà	7201	já	43	both fold to 'ja'
inflected	nata	7204	nato	5370	nata is a regular inflection of nato
relemmatize	nata	7204	nato	5370	nata lemmatizes to nato
inflected	gala	7208	galo	5228	gala is a regular inflection of galo
diacritic	hà	7211	ha	2839	both fold to 'ha'
inflected	usá-los	7213	usá-lo	3199	usá-los is a regular inflection of usá-lo
relemmatize	comprado	7216	comprar	332	comprado lemmatizes to comprar
relemmatize	aterrorizado	7228	aterrorizar	4802	aterrorizado lemmatizes to aterrorizar
relemmatize	arruinado	7245	arruinar	1850	arruinado lemmatizes to arruinar
relemmatize	garantido	7253	garantir	792	garantido lemmatizes to garantir
inflected	shots	7254	shot	8395	shots is a regular inflection of shot
relemmatize	combinado	7257	combinar	1278	combinado lemmatizes to combinar
relemmatize	eliminado	7271	eliminar	1735	eliminado lemmatizes to eliminar
relemmatize	aliviado	7292	aliviar	2979	aliviado lemmatizes to aliviar
relemmatize	manga	7317	mangar	4926	manga lemmatizes to mangar
inflected	escrita	7322	escrito	1308	escrita is a regular inflection of escrito
relemmatize	escrita	7322	escrito	1308	escrita lemmatizes to escrito
inflected	activos	7352	activo	4048	activos is a regular inflection of activo
relemmatize	activos	7352	activo	4048	activos lemmatizes to activo
inflected	correia	7382	correio	1910	correia is a regular inflection of correio
inflected	fracturas	7384	fractura	5998	fracturas is a regular inflection of fractura
relemmatize	fracturas	7384	fractura	5998	fracturas lemmatizes to fractura
diacritic	joia	7386	jóia	5537	both fold to 'joia'
inflected	larga	7393	largo	4039	larga is a regular inflection of largo
relemmatize	larga	7393	largar	493	larga lemmatizes to largar
relemmatize	fez	7401	fazer	16	fez lemmatizes to fazer
inflected	gira	7404	giro	1645	gira is a regular inflection of giro
relemmatize	gira	7404	girar	1907	gira lemmatizes to girar
inflected	alga	7412	algo	155	alga is a regular inflection of algo
relemmatize	selado	7418	selar	3825	selado lemmatizes to selar
relemmatize	fenda	7419	fender	5376	fenda lemmatizes to fender
diacritic	video	7435	vídeo	1136	both fold to 'video'
inflected	eléctricos	7444	eléctrico	5146	eléctricos is a regular inflection of eléctrico
relemmatize	eléctricos	7444	eléctrico	5146	eléctricos lemmatizes to eléctrico
relemmatize	castigado	7449	castigar	2878	castigado lemmatizes to castigar
inflected	mágica	7454	mágico	1553	mágica is a regular inflection of mágico
relemmatize	mágica	7454	mágico	1553	mágica lemmatizes to mágico
inflected	bata	7456	bato	7146	bata is a regular inflection of bato
relemmatize	bata	7456	bater	427	bata lemmatizes to bater
relemmatize	qualificado	7466	qualificar	5143	qualificado lemmatizes to qualificar
inflected	muda	7470	mudo	4771	muda is a regular inflection of mudo
relemmatize	muda	7470	mudar	248	muda lemmatizes to mudar
inflected	gangs	7485	gang	4705	gangs is a regular inflection of gang
relemmatize	gangs	7485	gang	4705	gangs lemmatizes to gang
inflected	dróides	7490	dróide	9255	dróides is a regular inflection of dróide
inflected	câmeras	7499	câmera	4609	câmeras is a regular inflection of câmera
relemmatize	câmeras	7499	câmera	4609	câmeras lemmatizes to câmera
inflected	infectada	7507	infectado	5398	infectada is a regular inflection of infectado
relemmatize	infectada	7507	infectado	5398	infectada lemmatizes to infectado
inflected	demônios	7517	demônio	6990	demônios is a regular inflection of demônio
relemmatize	demônios	7517	demônio	6990	demônios lemmatizes to demônio
inflected	louros	7519	louro	7089	louros is a regular inflection of louro
relemmatize	descansado	7552	descansar	938	descansado lemmatizes to descansar
relemmatize	localizado	7560	localizar	1302	localizado lemmatizes to localizar
relemmatize	inchado	7563	inchar	5794	inchado lemmatizes to inchar
inflected	aliens	7565	alien	7775	aliens is a regular inflection of alien
inflected	fodida	7575	fodido	3838	fodida is a regular inflection of fodido
relemmatize	fodida	7575	foder	1109	fodida lemmatizes to foder
inflected	metralhadora	7592	metralhador	6594	metralhadora is a regular inflection of metralhador
relemmatize	metralhadora	7592	metralhador	6594	metralhadora lemmatizes to metralhador
relemmatize	afectado	7594	afectar	5108	afectado lemmatizes to afectar
relemmatize	alvejado	7604	alvejar	2237	alvejado lemmatizes to alvejar
inflected	boys	7612	boy	4807	boys is a regular inflection of boy
relemmatize	detectado	7630	detectar	5205	detectado lemmatizes to detectar
inflected	espectáculos	7639	espectáculo	1323	espectáculos is a regular inflection of espectáculo
relemmatize	espectáculos	7639	espectáculo	1323	espectáculos lemmatizes to espectáculo
relemmatize	planeado	7641	planear	920	planeado lemmatizes to planear
relemmatize	trocado	7643	trocar	1090	trocado lemmatizes to trocar
diacritic	pa	7644	pá	1008	both fold to 'pa'
inflected	pa	7644	po	5249	pa is a regular inflection of po
relemmatize	capturado	7654	capturar	1891	capturado lemmatizes to capturar
inflected	directos	7658	directo	2028	directos is a regular inflection of directo
relemmatize	directos	7658	directo	2028	directos lemmatizes to directo
diacritic	entäo	7671	então	67	both fold to 'entao'
relemmatize	pegado	7677	pegar	443	pegado lemmatizes to pegar
diacritic	fôr	7705	for	2036	both fold to 'for'
relemmatize	tremendo	7707	tremer	2654	tremendo lemmatizes to tremer
relemmatize	descontrolado	7719	descontrolar	4508	descontrolado lemmatizes to descontrolar
inflected	robots	7720	robot	4937	robots is a regular inflection of robot
relemmatize	robots	7720	robot	4937	robots lemmatizes to robot
inflected	fêmea	7724	fêmeo	5062	fêmea is a regular inflection of fêmeo
relemmatize	fêmea	7724	fêmeo	5062	fêmea lemmatizes to fêmeo
diacritic	ra	7728	rã	6675	both fold to 'ra'
inflected	ra	7728	ro	9720	ra is a regular inflection of ro
relemmatize	destinado	7730	destinar	3214	destinado lemmatizes to destinar
relemmatize	colorido	7733	colorir	8461	colorido lemmatizes to colorir
diacritic	voçê	7744	voce	2227	both fold to 'voce'
relemmatize	fode	7748	foder	1109	fode lemmatizes to foder
relemmatize	distraído	7749	distrair	2319	distraído lemmatizes to distrair
inflected	rena	7792	reno	6834	rena is a regular inflection of reno
relemmatize	adiantado	7821	adiantar	2542	adiantado lemmatizes to adiantar
inflected	metanfetaminas	7822	metanfetamina	9550	metanfetaminas is a regular inflection of metanfetamina
inflected	tirada	7838	tirado	4860	tirada is a regular inflection of tirado
relemmatize	tirada	7838	tirado	4860	tirada lemmatizes to tirado
inflected	fresca	7840	fresco	1785	fresca is a regular inflection of fresco
relemmatize	fresca	7840	fresco	1785	fresca lemmatizes to fresco
relemmatize	sossegado	7848	sossegar	4787	sossegado lemmatizes to sossegar
inflected	amora	7849	amor	289	amora is a regular inflection of amor
relemmatize	bloqueado	7869	bloquear	1974	bloqueado lemmatizes to bloquear
relemmatize	enfiado	7878	enfiar	1597	enfiado lemmatizes to enfiar
relemmatize	mimado	7884	mimar	6423	mimado lemmatizes to mimar
inflected	fodidos	7895	fodido	3838	fodidos is a regular inflection of fodido
relemmatize	fodidos	7895	foder	1109	fodidos lemmatizes to foder
inflected	idéias	7904	idéia	2223	idéias is a regular inflection of idéia
relemmatize	idéias	7904	idéia	2223	idéias lemmatizes to idéia
relemmatize	assado	7907	assar	4659	assado lemmatizes to assar
relemmatize	equipado	7916	equipar	6730	equipado lemmatizes to equipar
relemmatize	subido	7927	subir	604	subido lemmatizes to subir
relemmatize	realizado	7928	realizar	2063	realizado lemmatizes to realizar
relemmatize	montado	7932	montar	1382	montado lemmatizes to montar
relemmatize	rota	7946	rotar	2526	rota lemmatizes to rotar
diacritic	alí	7954	ali	251	both fold to 'ali'
relemmatize	falido	7957	falir	5180	falido lemmatizes to falir
inflected	vs	7958	v	2635	vs is a regular inflection of v
inflected	júlia	7962	júlio	8626	júlia is a regular inflection of júlio
diacritic	des	7965	dês	2851	both fold to 'des'
relemmatize	desarmado	7967	desarmar	3842	desarmado lemmatizes to desarmar
relemmatize	briga	7969	brigar	2089	briga lemmatizes to brigar
relemmatize	mantém	7970	manter	255	mantém lemmatizes to manter
relemmatize	assaltado	7976	assaltar	2591	assaltado lemmatizes to assaltar
diacritic	obvio	7987	óbvio	1365	both fold to 'obvio'
relemmatize	lavado	8004	lavar	1156	lavado lemmatizes to lavar
diacritic	estäo	8009	estao	6782	both fold to 'estao'
relemmatize	rejeitado	8010	rejeitar	2928	rejeitado lemmatizes to rejeitar
relemmatize	esgotado	8014	esgotar	3292	esgotado lemmatizes to esgotar
relemmatize	melhora	8015	melhorar	535	melhora lemmatizes to melhorar
diacritic	qué	8020	que	3	both fold to 'que'
relemmatize	codificado	8026	codificar	7986	codificado lemmatizes to codificar
relemmatize	lança	8042	lançar	1124	lança lemmatizes to lançar
diacritic	miudo	8058	miúdo	250	both fold to 'miudo'
inflected	morada	8059	morado	1697	morada is a regular inflection of morado
relemmatize	morada	8059	morado	1697	morada lemmatizes to morado
relemmatize	acostumado	8061	acostumar	3847	acostumado lemmatizes to acostumar
diacritic	polo	8074	pólo	6089	both fold to 'polo'
diacritic	caca	8078	caça	1622	both fold to 'caca'
inflected	caca	8078	caco	9967	caca is a regular inflection of caco
inflected	tomada	8080	tomado	4171	tomada is a regular inflection of tomado
relemmatize	tomada	8080	tomado	4171	tomada lemmatizes to tomado
relemmatize	decidido	8093	decidir	444	decidido lemmatizes to decidir
inflected	usá-las	8106	usá-lo	3199	usá-las is a regular inflection of usá-lo
inflected	registros	8110	registro	8087	registros is a regular inflection of registro
relemmatize	registros	8110	registro	8087	registros lemmatizes to registro
relemmatize	colado	8115	colar	1255	colado lemmatizes to colar
relemmatize	possuído	8123	possuir	1866	possuído lemmatizes to possuir
diacritic	gênio	8128	génio	1672	both fold to 'genio'
relemmatize	bochecha	8131	bochechar	8787	bochecha lemmatizes to bochechar
inflected	miuda	8140	miudo	8058	miuda is a regular inflection of miudo
diacritic	a	8149	à	45	both fold to 'a'
relemmatize	a	8149	o	1	a lemmatizes to o
relemmatize	torturado	8157	torturar	2482	torturado lemmatizes to torturar
relemmatize	abalado	8159	abalar	5502	abalado lemmatizes to abalar
inflected	activada	8170	activado	5668	activada is a regular inflection of activado
relemmatize	activada	8170	activado	5668	activada lemmatizes to activado
relemmatize	iniciado	8172	iniciar	1415	iniciado lemmatizes to iniciar
relemmatize	levantado	8184	levantar	479	levantado lemmatizes to levantar
inflected	fodas	8193	foda	2610	fodas is a regular inflection of foda
relemmatize	fodas	8193	foda	2610	fodas lemmatizes to foda
relemmatize	revelado	8204	revelar	1388	revelado lemmatizes to revelar
inflected	cortada	8207	cortado	4235	cortada is a regular inflection of cortado
relemmatize	cortada	8207	cortado	4235	cortada lemmatizes to cortado
inflected	topa	8223	topo	1956	topa is a regular inflection of topo
relemmatize	punido	8230	punir	4056	punido lemmatizes to punir
inflected	fá-la	8231	fá-lo	1998	fá-la is a regular inflection of fá-lo
diacritic	voçês	8235	voces	6259	both fold to 'voces'
inflected	voçês	8235	voçê	7744	voçês is a regular inflection of voçê
relemmatize	fodeste	8262	foder	1109	fodeste lemmatizes to foder
inflected	actuais	8272	actual	3384	actuais is a regular inflection of actual
relemmatize	actuais	8272	actual	3384	actuais lemmatizes to actual
relemmatize	escalado	8282	escalar	4614	escalado lemmatizes to escalar
inflected	macia	8294	macio	6637	macia is a regular inflection of macio
inflected	proposta	8295	proposto	2050	proposta is a regular inflection of proposto
relemmatize	proposta	8295	proposto	2050	proposta lemmatizes to proposto
inflected	dá-ma	8307	dá-mo	6217	dá-ma is a regular inflection of dá-mo
relemmatize	tocado	8317	tocar	385	tocado lemmatizes to tocar
inflected	otários	8320	otário	4256	otários is a regular inflection of otário
relemmatize	otários	8320	otário	4256	otários lemmatizes to otário
relemmatize	substituído	8322	substituir	1694	substituído lemmatizes to substituir
inflected	torrada	8323	torrado	8662	torrada is a regular inflection of torrado
relemmatize	torrada	8323	torrado	8662	torrada lemmatizes to torrado
inflected	papa	8325	papo	6824	papa is a regular inflection of papo
relemmatize	papa	8325	papar	558	papa lemmatizes to papar
inflected	direita	8330	direito	366	direita is a regular inflection of direito
relemmatize	direita	8330	direito	366	direita lemmatizes to direito
relemmatize	alinhado	8337	alinhar	2639	alinhado lemmatizes to alinhar
relemmatize	enrolado	8345	enrolar	3529	enrolado lemmatizes to enrolar
diacritic	espirito	8349	espírito	1042	both fold to 'espirito'
relemmatize	indicado	8352	indicar	1488	indicado lemmatizes to indicar
relemmatize	comparado	8356	comparar	2154	comparado lemmatizes to comparar
relemmatize	fiado	8357	fiar	8844	fiado lemmatizes to fiar
relemmatize	precipitado	8366	precipitar	5059	precipitado lemmatizes to precipitar
relemmatize	acompanhado	8367	acompanhar	1089	acompanhado lemmatizes to acompanhar
relemmatize	desiludido	8371	desiludir	2927	desiludido lemmatizes to desiludir
diacritic	mantem	8373	mantém	7970	both fold to 'mantem'
inflected	hobbits	8382	hobbit	8156	hobbits is a regular inflection of hobbit
inflected	viu-a	8384	viu-o	5667	viu-a is a regular inflection of viu-o
relemmatize	viu-a	8384	viu-o	5667	viu-a lemmatizes to viu-o
relemmatize	blindado	8385	blindar	8509	blindado lemmatizes to blindar
diacritic	saír	8397	sair	100	both fold to 'sair'
relemmatize	desapontado	8407	desapontar	3221	desapontado lemmatizes to desapontar
relemmatize	concluído	8426	concluir	3051	concluído lemmatizes to concluir
relemmatize	arrancado	8440	arrancar	1325	arrancado lemmatizes to arrancar
diacritic	là	8443	lá	53	both fold to 'la'
inflected	amarela	8454	amarelo	2396	amarela is a regular inflection of amarelo
relemmatize	amarela	8454	amarelo	2396	amarela lemmatizes to amarelo
relemmatize	escritura	8464	escriturar	9022	escritura lemmatizes to escriturar
relemmatize	guia	8467	guiar	1296	guia lemmatizes to guiar
diacritic	tres	8469	três	221	both fold to 'tres'
inflected	primitiva	8476	primitivo	6640	primitiva is a regular inflection of primitivo
inflected	latina	8477	latino	6576	latina is a regular inflection of latino
relemmatize	fode-me	8488	foder	1109	fode-me lemmatizes to foder
relemmatize	arrastado	8492	arrastar	2025	arrastado lemmatizes to arrastar
inflected	risca	8495	risco	886	risca is a regular inflection of risco
relemmatize	risca	8495	riscar	4737	risca lemmatizes to riscar
diacritic	manha	8501	manhã	374	both fold to 'manha'
inflected	t-shirts	8518	t-shirt	4841	t-shirts is a regular inflection of t-shirt
relemmatize	t-shirts	8518	t-shirt	4841	t-shirts lemmatizes to t-shirt
diacritic	täo	8526	tão	124	both fold to 'tao'
inflected	jarra	8539	jarro	8064	jarra is a regular inflection of jarro
inflected	tê-las	8540	tê-lo	1552	tê-las is a regular inflection of tê-lo
inflected	cana	8542	cano	3205	cana is a regular inflection of cano
relemmatize	respeitado	8547	respeitar	1654	respeitado lemmatizes to respeitar
relemmatize	desactivado	8573	desactivar	6984	desactivado lemmatizes to desactivar
relemmatize	espancado	8590	espancar	3332	espancado lemmatizes to espancar
inflected	prática	8601	prático	2895	prática is a regular inflection of prático
relemmatize	prática	8601	prático	2895	prática lemmatizes to prático
relemmatize	afectou	8604	afectar	5108	afectou lemmatizes to afectar
relemmatize	demora	8606	demorar	633	demora lemmatizes to demorar
relemmatize	enjoado	8607	enjoar	5976	enjoado lemmatizes to enjoar
relemmatize	atirado	8609	atirar	482	atirado lemmatizes to atirar
inflected	inteira	8610	inteiro	778	inteira is a regular inflection of inteiro
relemmatize	inteira	8610	inteiro	778	inteira lemmatizes to inteiro
diacritic	prêmio	8621	prémio	1586	both fold to 'premio'
relemmatize	atropelado	8649	atropelar	3198	atropelado lemmatizes to atropelar
inflected	vikings	8660	viking	8484	vikings is a regular inflection of viking
relemmatize	adorado	8674	adorar	280	adorado lemmatizes to adorar
inflected	põe-na	8675	põe-no	6472	põe-na is a regular inflection of põe-no
inflected	jura	8684	juro	779	jura is a regular inflection of juro
relemmatize	jura	8684	jurar	1649	jura lemmatizes to jurar
relemmatize	adoptado	8686	adoptar	7145	adoptado lemmatizes to adoptar
relemmatize	alimentado	8695	alimentar	1303	alimentado lemmatizes to alimentar
relemmatize	acertado	8699	acertar	1074	acertado lemmatizes to acertar
inflected	grávida	8704	grávido	1386	grávida is a regular inflection of grávido
relemmatize	grávida	8704	grávido	1386	grávida lemmatizes to grávido
relemmatize	tenda	8708	tender	1739	tenda lemmatizes to tender
inflected	cosmos	8710	cosmo	9865	cosmos is a regular inflection of cosmo
relemmatize	ousado	8712	ousar	3374	ousado lemmatizes to ousar
relemmatize	pintado	8728	pintar	1661	pintado lemmatizes to pintar
diacritic	taxi	8730	táxi	1502	both fold to 'taxi'
inflected	injecções	8733	injecção	4492	injecções is a regular inflection of injecção
relemmatize	injecções	8733	injecção	4492	injecções lemmatizes to injecção
relemmatize	inventado	8734	inventar	1309	inventado lemmatizes to inventar
inflected	sola	8735	solo	2042	sola is a regular inflection of solo
inflected	directores	8736	director	1412	directores is a regular inflection of director
relemmatize	directores	8736	director	1412	directores lemmatizes to director
inflected	dei-lhes	8741	dei-lhe	2899	dei-lhes is a regular inflection of dei-lhe
relemmatize	dei-lhes	8741	dei-lhe	2899	dei-lhes lemmatizes to dei-lhe
relemmatize	traído	8749	trair	1179	traído lemmatizes to trair
inflected	excepções	8753	excepção	3918	excepções is a regular inflection of excepção
relemmatize	excepções	8753	excepção	3918	excepções lemmatizes to excepção
relemmatize	desempregado	8761	desempregar	7343	desempregado lemmatizes to desempregar
relemmatize	instalado	8768	instalar	2536	instalado lemmatizes to instalar
relemmatize	dirigido	8777	dirigir	1102	dirigido lemmatizes to dirigir
relemmatize	provocado	8803	provocar	1492	provocado lemmatizes to provocar
inflected	cesta	8834	cesto	4194	cesta is a regular inflection of cesto
inflected	jeans	8836	jean	3212	jeans is a regular inflection of jean
relemmatize	gravado	8857	gravar	1522	gravado lemmatizes to gravar
inflected	bárbara	8861	bárbaro	5295	bárbara is a regular inflection of bárbaro
relemmatize	especializado	8864	especializar	7524	especializado lemmatizes to especializar
relemmatize	publicado	8867	publicar	2258	publicado lemmatizes to publicar
relemmatize	enforcado	8868	enforcar	2677	enforcado lemmatizes to enforcar
relemmatize	caído	8880	cair	398	caído lemmatizes to cair
relemmatize	contratado	8881	contratar	1027	contratado lemmatizes to contratar
relemmatize	devastado	8907	devastar	7903	devastado lemmatizes to devastar
inflected	trancada	8909	trancado	3632	trancada is a regular inflection of trancado
relemmatize	trancada	8909	trancado	3632	trancada lemmatizes to trancado
relemmatize	antiquado	8929	antiquar	7392	antiquado lemmatizes to antiquar
inflected	super-heróis	8933	super-herói	6592	super-heróis is a regular inflection of super-herói
relemmatize	super-heróis	8933	super-herói	6592	super-heróis lemmatizes to super-herói
relemmatize	processado	8941	processar	2101	processado lemmatizes to processar
relemmatize	incomodado	8944	incomodar	935	incomodado lemmatizes to incomodar
relemmatize	baleado	8949	balear	4309	baleado lemmatizes to balear
inflected	rata	8958	rato	1385	rata is a regular inflection of rato
relemmatize	rata	8958	ratar	4710	rata lemmatizes to ratar
inflected	reacções	8966	reacção	2745	reacções is a regular inflection of reacção
relemmatize	reacções	8966	reacção	2745	reacções lemmatizes to reacção
diacritic	cao	8967	cão	449	both fold to 'cao'
relemmatize	perceba	8969	perceber	238	perceba lemmatizes to perceber
relemmatize	pousado	8970	pousar	2368	pousado lemmatizes to pousar
inflected	custa	8972	custo	2755	custa is a regular inflection of custo
relemmatize	custa	8972	custar	887	custa lemmatizes to custar
inflected	fá-los	8973	fá-lo	1998	fá-los is a regular inflection of fá-lo
diacritic	trançar	8975	trancar	2038	both fold to 'trancar'
relemmatize	rasgado	8983	rasgar	3419	rasgado lemmatizes to rasgar
relemmatize	detalhado	8987	detalhar	9942	detalhado lemmatizes to detalhar
relemmatize	classificado	8989	classificar	6190	classificado lemmatizes to classificar
inflected	quecas	8994	queca	4821	quecas is a regular inflection of queca
relemmatize	definido	9003	definir	2870	definido lemmatizes to definir
relemmatize	arriscado	9004	arriscar	986	arriscado lemmatizes to arriscar
inflected	paranóica	9005	paranóico	5153	paranóica is a regular inflection of paranóico
relemmatize	paranóica	9005	paranóico	5153	paranóica lemmatizes to paranóico
diacritic	horrivel	9012	horrível	843	both fold to 'horrivel'
inflected	queimada	9015	queimado	4005	queimada is a regular inflection of queimado
relemmatize	queimada	9015	queimado	4005	queimada lemmatizes to queimado
relemmatize	inspirado	9071	inspirar	2599	inspirado lemmatizes to inspirar
relemmatize	ronda	9075	rondar	3878	ronda lemmatizes to rondar
relemmatize	frustrado	9083	frustrar	6968	frustrado lemmatizes to frustrar
relemmatize	incluído	9105	incluir	1249	incluído lemmatizes to incluir
relemmatize	exagerado	9108	exagerar	2334	exagerado lemmatizes to exagerar
diacritic	frigorifico	9109	frigorífico	2982	both fold to 'frigorifico'
relemmatize	gangsters	9133	gangster	6958	gangsters lemmatizes to gangster
inflected	põe-nos	9134	põe-no	6472	põe-nos is a regular inflection of põe-no
relemmatize	nomeado	9138	nomear	2846	nomeado lemmatizes to nomear
relemmatize	embrulhado	9141	embrulhar	4805	embrulhado lemmatizes to embrulhar
relemmatize	estacionado	9143	estacionar	2543	estacionado lemmatizes to estacionar
relemmatize	despedido	9151	despedir	872	despedido lemmatizes to despedir
relemmatize	fodi	9152	foder	1109	fodi lemmatizes to foder
relemmatize	negado	9154	negar	1500	negado lemmatizes to negar
relemmatize	transformado	9166	transformar	905	transformado lemmatizes to transformar
relemmatize	arrumado	9168	arrumar	1814	arrumado lemmatizes to arrumar
diacritic	tú	9177	tu	50	both fold to 'tu'
inflected	totós	9186	totó	6558	totós is a regular inflection of totó
relemmatize	totós	9186	totó	6558	totós lemmatizes to totó
relemmatize	operado	9188	operar	2260	operado lemmatizes to operar
relemmatize	focado	9193	focar	3340	focado lemmatizes to focar
diacritic	optimo	9231	óptimo	328	both fold to 'optimo'
relemmatize	parvalhão	9233	parvo	1170	parvalhão lemmatizes to parvo
inflected	detetives	9235	detetive	3015	detetives is a regular inflection of detetive
inflected	treina	9265	treino	1473	treina is a regular inflection of treino
inflected	jactos	9266	jacto	4907	jactos is a regular inflection of jacto
relemmatize	jactos	9266	jacto	4907	jactos lemmatizes to jacto
relemmatize	realista	9267	realistar	5688	realista lemmatizes to realistar
diacritic	mäe	9271	mãe	127	both fold to 'mae'
inflected	dou-lhes	9277	dou-lhe	2744	dou-lhes is a regular inflection of dou-lhe
relemmatize	dou-lhes	9277	dou-lhe	2744	dou-lhes lemmatizes to dou-lhe
relemmatize	ordenado	9295	ordenar	1573	ordenado lemmatizes to ordenar
inflected	coberta	9297	coberto	5462	coberta is a regular inflection of coberto
relemmatize	coberta	9297	coberto	5462	coberta lemmatizes to coberto
relemmatize	destroçado	9298	destroçar	5415	destroçado lemmatizes to destroçar
diacritic	impossivel	9305	impossível	846	both fold to 'impossivel'
inflected	espalhada	9316	espalhado	6497	espalhada is a regular inflection of espalhado
relemmatize	espalhada	9316	espalhado	6497	espalhada lemmatizes to espalhado
relemmatize	transmitido	9330	transmitir	2311	transmitido lemmatizes to transmitir
diacritic	camera	9334	câmera	4609	both fold to 'camera'
relemmatize	evacuado	9335	evacuar	3062	evacuado lemmatizes to evacuar
inflected	marada	9350	marado	6373	marada is a regular inflection of marado
relemmatize	marada	9350	marado	6373	marada lemmatizes to marado
inflected	carrega	9363	carrego	8427	carrega is a regular inflection of carrego
relemmatize	carrega	9363	carregar	1010	carrega lemmatizes to carregar
relemmatize	largado	9370	largar	493	largado lemmatizes to largar
diacritic	estupido	9371	estúpido	537	both fold to 'estupido'
relemmatize	cometido	9375	cometer	829	cometido lemmatizes to cometer
inflected	ninjas	9376	ninja	5331	ninjas is a regular inflection of ninja
relemmatize	ninjas	9376	ninja	5331	ninjas lemmatizes to ninja
inflected	solteira	9377	solteiro	2021	solteira is a regular inflection of solteiro
relemmatize	solteira	9377	solteiro	2021	solteira lemmatizes to solteiro
relemmatize	empenhado	9392	empenhar	5872	empenhado lemmatizes to empenhar
relemmatize	prateado	9393	pratear	8396	prateado lemmatizes to pratear
diacritic	provávelmente	9400	provavelmente	586	both fold to 'provavelmente'
relemmatize	banido	9402	banir	4106	banido lemmatizes to banir
relemmatize	manchado	9415	manchar	3393	manchado lemmatizes to manchar
diacritic	sí	9439	si	264	both fold to 'si'
relemmatize	humilhado	9451	humilhar	3641	humilhado lemmatizes to humilhar
diacritic	cabeca	9453	cabeça	263	both fold to 'cabeca'
relemmatize	misturado	9462	misturar	2002	misturado lemmatizes to misturar
relemmatize	apavorado	9466	apavorar	8075	apavorado lemmatizes to apavorar
inflected	chora	9468	choro	5210	chora is a regular inflection of choro
relemmatize	chora	9468	chorar	754	chora lemmatizes to chorar
relemmatize	suado	9478	suar	325	suado lemmatizes to suar
relemmatize	mascarado	9482	mascarar	5523	mascarado lemmatizes to mascarar
inflected	bem-vindas	9483	bem-vindo	1149	bem-vindas is a regular inflection of bem-vindo
relemmatize	bem-vindas	9483	bem-vindo	1149	bem-vindas lemmatizes to bem-vindo
diacritic	sím	9486	sim	31	both fold to 'sim'
relemmatize	declarado	9489	declarar	1844	declarado lemmatizes to declarar
inflected	protectora	9493	protector	4646	protectora is a regular inflection of protector
relemmatize	protectora	9493	protector	4646	protectora lemmatizes to protector
inflected	mos	9496	mo	2772	mos is a regular inflection of mo
relemmatize	forjado	9501	forjar	5257	forjado lemmatizes to forjar
inflected	transacções	9511	transacção	8117	transacções is a regular inflection of transacção
relemmatize	transacções	9511	transacção	8117	transacções lemmatizes to transacção
diacritic	benção	9512	bênção	3586	both fold to 'bencao'
inflected	apertada	9529	apertado	4701	apertada is a regular inflection of apertado
relemmatize	apertada	9529	apertado	4701	apertada lemmatizes to apertado
relemmatize	barba	9537	barbar	1930	barba lemmatizes to barbar
relemmatize	interrogado	9543	interrogar	2059	interrogado lemmatizes to interrogar
relemmatize	designado	9547	designar	5727	designado lemmatizes to designar
relemmatize	amarra	9565	amarrar	2456	amarra lemmatizes to amarrar
relemmatize	arranjado	9569	arranjar	291	arranjado lemmatizes to arranjar
inflected	nocturnos	9603	nocturno	5393	nocturnos is a regular inflection of nocturno
relemmatize	nocturnos	9603	nocturno	5393	nocturnos lemmatizes to nocturno
inflected	lagarta	9605	lagarto	5564	lagarta is a regular inflection of lagarto
relemmatize	perdoado	9606	perdoar	936	perdoado lemmatizes to perdoar
inflected	espectaculares	9608	espectacular	2607	espectaculares is a regular inflection of espectacular
relemmatize	espectaculares	9608	espectacular	2607	espectaculares lemmatizes to espectacular
relemmatize	deita	9610	deitar	630	deita lemmatizes to deitar
relemmatize	lisonjeado	9614	lisonjear	6255	lisonjeado lemmatizes to lisonjear
inflected	tem-nos	9621	tem-no	8244	tem-nos is a regular inflection of tem-no
inflected	eléctricas	9639	eléctrica	3993	eléctricas is a regular inflection of eléctrica
relemmatize	eléctricas	9639	eléctrica	3993	eléctricas lemmatizes to eléctrica
relemmatize	coroa	9645	coroar	2619	coroa lemmatizes to coroar
inflected	posses	9646	posse	2793	posses is a regular inflection of posse
inflected	torta	9659	torto	3484	torta is a regular inflection of torto
relemmatize	torta	9659	torto	3484	torta lemmatizes to torto
inflected	cds	9660	cd	5426	cds is a regular inflection of cd
relemmatize	transtornado	9676	transtornar	8165	transtornado lemmatizes to transtornar
relemmatize	inundado	9684	inundar	5657	inundado lemmatizes to inundar
inflected	barca	9693	barco	682	barca is a regular inflection of barco
relemmatize	liderado	9698	liderar	2353	liderado lemmatizes to liderar
relemmatize	mudado	9712	mudar	248	mudado lemmatizes to mudar
relemmatize	verão	9742	ver	38	verão lemmatizes to ver
relemmatize	iluminado	9744	iluminar	3973	iluminado lemmatizes to iluminar
relemmatize	emocionado	9750	emocionar	6696	emocionado lemmatizes to emocionar
relemmatize	atribuído	9757	atribuir	4526	atribuído lemmatizes to atribuir
inflected	porca	9764	porco	1184	porca is a regular inflection of porco
relemmatize	porca	9764	porco	1184	porca lemmatizes to porco
relemmatize	massacrado	9778	massacrar	6097	massacrado lemmatizes to massacrar
relemmatize	cometa	9791	cometer	829	cometa lemmatizes to cometer
relemmatize	excluído	9803	excluir	3882	excluído lemmatizes to excluir
relemmatize	fodeu	9804	foder	1109	fodeu lemmatizes to foder
diacritic	pênis	9805	pénis	2784	both fold to 'penis'
relemmatize	hackers	9811	hacker	7303	hackers lemmatizes to hacker
relemmatize	desperdiçado	9826	desperdiçar	1996	desperdiçado lemmatizes to desperdiçar
inflected	corra	9844	corro	6399	corra is a regular inflection of corro
relemmatize	corra	9844	correr	268	corra lemmatizes to correr
relemmatize	arrasado	9846	arrasar	2760	arrasado lemmatizes to arrasar
inflected	brinca	9852	brinco	4145	brinca is a regular inflection of brinco
relemmatize	brinca	9852	brincar	410	brinca lemmatizes to brincar
inflected	molhada	9855	molhado	4853	molhada is a regular inflection of molhado
relemmatize	molhada	9855	molhado	4853	molhada lemmatizes to molhado
relemmatize	recompensado	9856	recompensar	2045	recompensado lemmatizes to recompensar
inflected	conas	9859	cona	6954	conas is a regular inflection of cona
relemmatize	conas	9859	cona	6954	conas lemmatizes to cona
inflected	minhocas	9861	minhoca	8930	minhocas is a regular inflection of minhoca
relemmatize	abaixado	9868	abaixar	2375	abaixado lemmatizes to abaixar
diacritic	avé	9880	ave	2614	both fold to 'ave'
inflected	liberdades	9886	liberdade	1005	liberdades is a regular inflection of liberdade
inflected	saires	9887	sair	100	saires is a regular inflection of sair
diacritic	terrivel	9888	terrível	1006	both fold to 'terrivel'
relemmatize	produzido	9891	produzir	2336	produzido lemmatizes to produzir
inflected	posta	9913	posto	1025	posta is a regular inflection of posto
relemmatize	posta	9913	postar	5261	posta lemmatizes to postar
inflected	infecções	9918	infecção	3383	infecções is a regular inflection of infecção
relemmatize	infecções	9918	infecção	3383	infecções lemmatizes to infecção
diacritic	amén	9925	ámen	3342	both fold to 'amen'
relemmatize	programado	9928	programar	3441	programado lemmatizes to programar
relemmatize	empolgado	9981	empolgar	8656	empolgado lemmatizes to empolgar
inflected	suma	9984	sumo	2626	suma is a regular inflection of sumo
inflected	detectada	9985	detectado	7630	detectada is a regular inflection of detectado
relemmatize	detectada	9985	detectado	7630	detectada lemmatizes to detectado
diacritic	mao	9987	mão	226	both fold to 'mao'
relemmatize	despachado	9996	despachar	858	despachado lemmatizes to despachar
